{"cameraMode":{"drawMode":0,"name":"Shaded","section":"Shading Mode"},"sceneLighting":true,"audioPlay":false,"sceneViewState":{"m_AlwaysRefresh":false,"showFog":true,"showSkybox":true,"showFlares":true,"showImageEffects":true,"showParticleSystems":true,"showVisualEffectGraphs":true,"m_FxEnabled":true},"in2DMode":false,"pivot":{"x":25.42854881286621,"y":3.224287271499634,"z":5.703519344329834},"rotation":{"x":0.003794414224103093,"y":0.6133729815483093,"z":-0.002953752176836133,"w":0.7898175716400147},"size":6.404766082763672,"orthographic":false}